name_desc,seed,batch_size,epochs,space,task,representation,timesteps,pwl_mse,test_tagates,gnn_type,back_dense,key,residual,leakyrelu,uap,opattn,attnresc,fgcn,bgcn,bmlp,bmlpdims,fbcd,back_y_info,back_opemb,ensemble_fuse_method,back_opemb_only,spr,kdt,spr_std,kdt_std
ts1_paramtest,42,8,150,nb101,class_scene,adj_gin,1,pwl,False,dense,False,64,True,True,True,True,True,256_256_256,256_256_256,False,256_256_256,128_128,False,False,add,False,0.814718831943825,0.6272504292098315,0.0003719029195029328,0.00032769254706560894
ts1_paramtest,42,8,150,nb101,class_scene,adj_gin,1,pwl,False,dense,False,128,True,True,True,True,True,256_256_256,256_256_256,False,256_256_256,128_128,False,False,add,False,0.845248287765718,0.659148440069395,0.00035570515347500327,0.0003654198140727265
ts1_paramtest,42,8,150,nb101,class_scene,adj_gin,1,pwl,False,dense,False,64,True,True,True,True,True,384_384_384,384_384_384,False,384_384_384,128_128,False,False,add,False,0.8194849848674529,0.6293013007474155,0.0003072293378257512,0.0004714881536430093
ts1_paramtest,42,8,150,nb101,class_scene,adj_gin,1,pwl,False,dense,False,128,True,True,True,True,True,384_384_384,384_384_384,False,384_384_384,128_128,False,False,add,False,0.8656842600549716,0.6829154834723636,7.803747764338238e-05,0.00014011356927055445
ts1_paramtest,42,8,150,nb101,class_scene,adj_gin,1,pwl,False,dense,False,64,True,True,True,True,True,128_128_128_128_128,128_128_128_128_128,False,128_128_128_128_128,128_128,False,False,add,False,0.8109085484725114,0.6211176511049364,0.0007825813864695477,0.0008086234118346945
ts1_paramtest,42,8,150,nb101,class_scene,adj_gin,1,pwl,False,dense,False,128,True,True,True,True,True,128_128_128_128_128,128_128_128_128_128,False,128_128_128_128_128,128_128,False,False,add,False,0.8787284516043228,0.7008260841390415,0.0001350346964613313,0.00017169187349565376
