uid,name_desc,seed,source_devices,target_device,dev_train_samples,emb_transfer_samples,num_trials,spr,kdt,spr_std,kdt_std
919425673,multipredict,10,1080ti_1|1080ti_32|1080ti_256|silver_4114|silver_4210r|samsung_a50|pixel3|essential_ph_1|samsung_s7,titan_rtx_256,900,10,3,0.9631502118555882,0.8437338162818983,0.01603800577504779,0.03382716281219219
919425673,multipredict,10,1080ti_1|1080ti_32|1080ti_256|silver_4114|silver_4210r|samsung_a50|pixel3|essential_ph_1|samsung_s7,gold_6226,900,10,3,0.958842340523366,0.828494743188868,0.010865945022705721,0.024567930836962657
919425673,multipredict,10,1080ti_1|1080ti_32|1080ti_256|silver_4114|silver_4210r|samsung_a50|pixel3|essential_ph_1|samsung_s7,fpga,900,10,3,0.9768879941907999,0.8792249185483193,0.0016388355083769082,0.004017074063158142
919425673,multipredict,10,1080ti_1|1080ti_32|1080ti_256|silver_4114|silver_4210r|samsung_a50|pixel3|essential_ph_1|samsung_s7,pixel2,900,10,3,0.8390108129546171,0.6719953256703685,0.03962349479029629,0.045783090265550296
919425673,multipredict,10,1080ti_1|1080ti_32|1080ti_256|silver_4114|silver_4210r|samsung_a50|pixel3|essential_ph_1|samsung_s7,raspi4,900,10,3,0.863476665949095,0.6941046815704519,0.0010897753361144979,0.001291337542970781
919425673,multipredict,10,1080ti_1|1080ti_32|1080ti_256|silver_4114|silver_4210r|samsung_a50|pixel3|essential_ph_1|samsung_s7,eyeriss,900,10,3,0.8959495195544708,0.7445391895829614,0.02482766435130741,0.03248156562370758
