name_desc,seed,batch_size,epochs,space,task,representation,timesteps,pwl_mse,test_tagates,gnn_type,back_dense,key,residual,leakyrelu,uap,opattn,attnresc,fgcn,bgcn,bmlp,bmlpdims,fbcd,back_y_info,back_opemb,ensemble_fuse_method,back_opemb_only,spr,kdt,spr_std,kdt_std
ts1_paramtest,42,8,150,PNAS,class_scene,adj_gin,1,pwl,False,dense,False,64,True,True,True,True,True,256_256_256,256_256_256,False,256_256_256,128_128,False,False,add,False,0.5173664786893426,0.36356794275397364,0.011038756801017863,0.006633028368337633
ts1_paramtest,42,8,150,PNAS,class_scene,adj_gin,1,pwl,False,dense,False,128,True,True,True,True,True,256_256_256,256_256_256,False,256_256_256,128_128,False,False,add,False,0.659015647443287,0.47786528514980364,0.0037622522974571034,0.002872327371120005
ts1_paramtest,42,8,150,PNAS,class_scene,adj_gin,1,pwl,False,dense,False,64,True,True,True,True,True,384_384_384,384_384_384,False,384_384_384,128_128,False,False,add,False,0.46880504107936505,0.3244896117592355,0.003853193927634638,0.0020558634798627387
ts1_paramtest,42,8,150,PNAS,class_scene,adj_gin,1,pwl,False,dense,False,128,True,True,True,True,True,384_384_384,384_384_384,False,384_384_384,128_128,False,False,add,False,0.6033114772509867,0.4313173578529811,0.005972071067293643,0.004186365024204277
ts1_paramtest,42,8,150,PNAS,class_scene,adj_gin,1,pwl,False,dense,False,64,True,True,True,True,True,128_128_128_128_128,128_128_128_128_128,False,128_128_128_128_128,128_128,False,False,add,False,0.48584582217560596,0.33871153707151747,0.008020858340082352,0.004401053525192363
ts1_paramtest,42,8,150,PNAS,class_scene,adj_gin,1,pwl,False,dense,False,128,True,True,True,True,True,128_128_128_128_128,128_128_128_128_128,False,128_128_128_128_128,128_128,False,False,add,False,0.607107683086745,0.43525147266509956,0.01194422787626884,0.007725751712772798
